id,product_id,image_url,sort_order,created_at,updated_at,deactivated_at,created_by,updated_by,deactivated_by,public_id
1,1,https://res.cloudinary.com/dmvupvnyu/image/upload/v1775466864/products/queok4ht2utv5xvvgh3u.png,1,"2026-04-06 03:14:34","2026-04-06 03:14:34",NULL,1,1,NULL,products/queok4ht2utv5xvvgh3u
2,1,https://res.cloudinary.com/dmvupvnyu/image/upload/v1775466869/products/xkqqillns9tzdtc0whmx.png,2,"2026-04-06 03:14:34","2026-04-06 03:14:34",NULL,1,1,NULL,products/xkqqillns9tzdtc0whmx
3,1,https://res.cloudinary.com/dmvupvnyu/image/upload/v1775466871/products/n25dj2boiggx6pgnfvfj.png,3,"2026-04-06 03:14:34","2026-04-06 03:14:34",NULL,1,1,NULL,products/n25dj2boiggx6pgnfvfj
4,1,https://res.cloudinary.com/dmvupvnyu/image/upload/v1775466873/products/kkzjdqraaitkrwbzuzgd.png,4,"2026-04-06 03:14:34","2026-04-06 03:14:34",NULL,1,1,NULL,products/kkzjdqraaitkrwbzuzgd
5,2,https://res.cloudinary.com/dmvupvnyu/image/upload/v1775467463/products/vcsgeaacpto1fnifh0cp.png,1,"2026-04-06 03:24:28","2026-04-06 03:24:28",NULL,1,1,NULL,products/vcsgeaacpto1fnifh0cp
6,2,https://res.cloudinary.com/dmvupvnyu/image/upload/v1775467464/products/bcqyra4awuf0qhsgfslr.png,2,"2026-04-06 03:24:28","2026-04-06 03:24:28",NULL,1,1,NULL,products/bcqyra4awuf0qhsgfslr
7,2,https://res.cloudinary.com/dmvupvnyu/image/upload/v1775467465/products/pcfjarpxqmnws7fcr4wt.png,3,"2026-04-06 03:24:28","2026-04-06 03:24:28",NULL,1,1,NULL,products/pcfjarpxqmnws7fcr4wt
8,2,https://res.cloudinary.com/dmvupvnyu/image/upload/v1775467466/products/vicwbp3susowoyfabzty.png,4,"2026-04-06 03:24:28","2026-04-06 03:24:28",NULL,1,1,NULL,products/vicwbp3susowoyfabzty
9,3,https://res.cloudinary.com/dmvupvnyu/image/upload/v1775468741/products/hapndaouli1wth2snq23.avif,1,"2026-04-06 03:45:50","2026-04-06 03:45:50",NULL,1,1,NULL,products/hapndaouli1wth2snq23
10,3,https://res.cloudinary.com/dmvupvnyu/image/upload/v1775468744/products/qbp1pivxzuy0p2k15apl.avif,2,"2026-04-06 03:45:50","2026-04-06 03:45:50",NULL,1,1,NULL,products/qbp1pivxzuy0p2k15apl
11,3,https://res.cloudinary.com/dmvupvnyu/image/upload/v1775468746/products/fesxofgncqlt8tcqvo5e.avif,3,"2026-04-06 03:45:50","2026-04-06 03:45:50",NULL,1,1,NULL,products/fesxofgncqlt8tcqvo5e
12,3,https://res.cloudinary.com/dmvupvnyu/image/upload/v1775468748/products/ui27zyicwndw9ksvexke.avif,4,"2026-04-06 03:45:50","2026-04-06 03:45:50",NULL,1,1,NULL,products/ui27zyicwndw9ksvexke
13,4,https://res.cloudinary.com/dmvupvnyu/image/upload/v1775468867/products/jbcnb6v3kwlvepvfkpql.jpg,1,"2026-04-06 03:47:50","2026-04-06 03:47:50",NULL,1,1,NULL,products/jbcnb6v3kwlvepvfkpql
14,4,https://res.cloudinary.com/dmvupvnyu/image/upload/v1775468867/products/ipipmrzed9pfc7rasttz.jpg,2,"2026-04-06 03:47:50","2026-04-06 03:47:50",NULL,1,1,NULL,products/ipipmrzed9pfc7rasttz
15,4,https://res.cloudinary.com/dmvupvnyu/image/upload/v1775468868/products/fjjxh60sxgya9ydsagom.jpg,3,"2026-04-06 03:47:50","2026-04-06 03:47:50",NULL,1,1,NULL,products/fjjxh60sxgya9ydsagom
16,4,https://res.cloudinary.com/dmvupvnyu/image/upload/v1775468868/products/o2phnqftzjbgp9p7om3z.jpg,4,"2026-04-06 03:47:50","2026-04-06 03:47:50",NULL,1,1,NULL,products/o2phnqftzjbgp9p7om3z
17,5,https://res.cloudinary.com/dmvupvnyu/image/upload/v1775469043/products/ownjhrfbxsta3rrylznj.jpg,1,"2026-04-06 03:50:46","2026-04-06 03:50:46",NULL,1,1,NULL,products/ownjhrfbxsta3rrylznj
18,5,https://res.cloudinary.com/dmvupvnyu/image/upload/v1775469044/products/ei9gqtvtw3kjwj50e8ze.jpg,2,"2026-04-06 03:50:46","2026-04-06 03:50:46",NULL,1,1,NULL,products/ei9gqtvtw3kjwj50e8ze
19,5,https://res.cloudinary.com/dmvupvnyu/image/upload/v1775469044/products/ty3epl4gww1q35f71ny6.jpg,3,"2026-04-06 03:50:46","2026-04-06 03:50:46",NULL,1,1,NULL,products/ty3epl4gww1q35f71ny6
20,5,https://res.cloudinary.com/dmvupvnyu/image/upload/v1775469045/products/lptll8sr55m93fzepjyf.jpg,4,"2026-04-06 03:50:46","2026-04-06 03:50:46",NULL,1,1,NULL,products/lptll8sr55m93fzepjyf
21,6,https://res.cloudinary.com/dmvupvnyu/image/upload/v1775469179/products/eawc0if95imgfm2xtal9.jpg,1,"2026-04-06 03:53:31","2026-04-06 03:53:31",NULL,1,1,NULL,products/eawc0if95imgfm2xtal9
22,6,https://res.cloudinary.com/dmvupvnyu/image/upload/v1775469180/products/u58xnqqlyrnqfvfvlljw.jpg,2,"2026-04-06 03:53:31","2026-04-06 03:53:31",NULL,1,1,NULL,products/u58xnqqlyrnqfvfvlljw
23,6,https://res.cloudinary.com/dmvupvnyu/image/upload/v1775469208/products/mx31r5p64vpkp1bzku3p.jpg,3,"2026-04-06 03:53:31","2026-04-06 03:53:31",NULL,1,1,NULL,products/mx31r5p64vpkp1bzku3p
24,6,https://res.cloudinary.com/dmvupvnyu/image/upload/v1775469209/products/vjx0icap6vnw0lz3yj5k.jpg,4,"2026-04-06 03:53:31","2026-04-06 03:53:31",NULL,1,1,NULL,products/vjx0icap6vnw0lz3yj5k
25,7,https://res.cloudinary.com/dmvupvnyu/image/upload/v1775469399/products/chhccws0262v7n0kxjqc.jpg,1,"2026-04-06 03:56:57","2026-04-06 03:56:57",NULL,1,1,NULL,products/chhccws0262v7n0kxjqc
26,7,https://res.cloudinary.com/dmvupvnyu/image/upload/v1775469412/products/loqaketelcu1r7cacodv.jpg,2,"2026-04-06 03:56:57","2026-04-06 03:56:57",NULL,1,1,NULL,products/loqaketelcu1r7cacodv
27,7,https://res.cloudinary.com/dmvupvnyu/image/upload/v1775469414/products/cyti96luqyfyj7byrntj.jpg,3,"2026-04-06 03:56:57","2026-04-06 03:56:57",NULL,1,1,NULL,products/cyti96luqyfyj7byrntj
28,7,https://res.cloudinary.com/dmvupvnyu/image/upload/v1775469415/products/todva6ti8kvuoq3ijajq.jpg,4,"2026-04-06 03:56:57","2026-04-06 03:56:57",NULL,1,1,NULL,products/todva6ti8kvuoq3ijajq
29,8,https://res.cloudinary.com/dmvupvnyu/image/upload/v1775469564/products/kbi19bkr1aond0fjwqno.jpg,1,"2026-04-06 03:59:28","2026-04-06 03:59:28",NULL,1,1,NULL,products/kbi19bkr1aond0fjwqno
30,8,https://res.cloudinary.com/dmvupvnyu/image/upload/v1775469566/products/bzlmq1alwpyntotmgxkt.jpg,2,"2026-04-06 03:59:28","2026-04-06 03:59:28",NULL,1,1,NULL,products/bzlmq1alwpyntotmgxkt
31,8,https://res.cloudinary.com/dmvupvnyu/image/upload/v1775469567/products/xthv4uks81x3rn1nbmqq.jpg,3,"2026-04-06 03:59:28","2026-04-06 03:59:28",NULL,1,1,NULL,products/xthv4uks81x3rn1nbmqq
32,8,https://res.cloudinary.com/dmvupvnyu/image/upload/v1775469567/products/snxshlmrc8bagwrrnxex.jpg,4,"2026-04-06 03:59:28","2026-04-06 03:59:28",NULL,1,1,NULL,products/snxshlmrc8bagwrrnxex
33,9,https://res.cloudinary.com/dmvupvnyu/image/upload/v1775470227/products/xepogyf4b2swcst2gl1s.jpg,1,"2026-04-06 04:10:33","2026-04-06 04:10:33",NULL,1,1,NULL,products/xepogyf4b2swcst2gl1s
34,9,https://res.cloudinary.com/dmvupvnyu/image/upload/v1775470230/products/mwbinad3s4fl5021efdx.jpg,2,"2026-04-06 04:10:33","2026-04-06 04:10:33",NULL,1,1,NULL,products/mwbinad3s4fl5021efdx
35,9,https://res.cloudinary.com/dmvupvnyu/image/upload/v1775470231/products/zhsirf0twygwlrjjfx9x.jpg,3,"2026-04-06 04:10:33","2026-04-06 04:10:33",NULL,1,1,NULL,products/zhsirf0twygwlrjjfx9x
36,9,https://res.cloudinary.com/dmvupvnyu/image/upload/v1775470232/products/t0rcdbmq8mu5xua9exti.jpg,4,"2026-04-06 04:10:33","2026-04-06 04:10:33",NULL,1,1,NULL,products/t0rcdbmq8mu5xua9exti
37,10,https://res.cloudinary.com/dmvupvnyu/image/upload/v1775470854/products/ukqpj4xihpsjeon6ngih.jpg,1,"2026-04-06 04:21:09","2026-04-06 04:21:09",NULL,1,1,NULL,products/ukqpj4xihpsjeon6ngih
38,10,https://res.cloudinary.com/dmvupvnyu/image/upload/v1775470857/products/pdoeb95j82ove4ffh7nf.jpg,2,"2026-04-06 04:21:09","2026-04-06 04:21:09",NULL,1,1,NULL,products/pdoeb95j82ove4ffh7nf
39,10,https://res.cloudinary.com/dmvupvnyu/image/upload/v1775470858/products/kjs5fxketlgijv1utjkr.jpg,3,"2026-04-06 04:21:09","2026-04-06 04:21:09",NULL,1,1,NULL,products/kjs5fxketlgijv1utjkr
40,10,https://res.cloudinary.com/dmvupvnyu/image/upload/v1775470864/products/pimgja6lwsknrnhliffl.jpg,4,"2026-04-06 04:21:09","2026-04-06 04:21:09",NULL,1,1,NULL,products/pimgja6lwsknrnhliffl
41,11,https://res.cloudinary.com/dmvupvnyu/image/upload/v1775471067/products/rbgijhhlv06xs8avtddc.avif,1,"2026-04-06 04:24:31","2026-04-06 04:24:31",NULL,1,1,NULL,products/rbgijhhlv06xs8avtddc
42,11,https://res.cloudinary.com/dmvupvnyu/image/upload/v1775471068/products/o91pdinv8evyut7nkrag.avif,2,"2026-04-06 04:24:31","2026-04-06 04:24:31",NULL,1,1,NULL,products/o91pdinv8evyut7nkrag
43,11,https://res.cloudinary.com/dmvupvnyu/image/upload/v1775471069/products/kiweawh7tvdom2m7rkoq.avif,3,"2026-04-06 04:24:31","2026-04-06 04:24:31",NULL,1,1,NULL,products/kiweawh7tvdom2m7rkoq
44,11,https://res.cloudinary.com/dmvupvnyu/image/upload/v1775471069/products/kodeykesbjypn0mv7hgp.avif,4,"2026-04-06 04:24:31","2026-04-06 04:24:31",NULL,1,1,NULL,products/kodeykesbjypn0mv7hgp
45,12,https://res.cloudinary.com/dmvupvnyu/image/upload/v1775471229/products/nje0eywkfozpylsfyhpx.avif,1,"2026-04-06 04:27:16","2026-04-06 04:27:16",NULL,1,1,NULL,products/nje0eywkfozpylsfyhpx
46,12,https://res.cloudinary.com/dmvupvnyu/image/upload/v1775471231/products/iqt0vrfklaacwcp4uc7g.avif,2,"2026-04-06 04:27:16","2026-04-06 04:27:16",NULL,1,1,NULL,products/iqt0vrfklaacwcp4uc7g
47,12,https://res.cloudinary.com/dmvupvnyu/image/upload/v1775471233/products/vmgjj9bztrmr9vol80we.avif,3,"2026-04-06 04:27:16","2026-04-06 04:27:16",NULL,1,1,NULL,products/vmgjj9bztrmr9vol80we
48,12,https://res.cloudinary.com/dmvupvnyu/image/upload/v1775471234/products/fuc9nxlwgruu3k3zvqhs.avif,4,"2026-04-06 04:27:16","2026-04-06 04:27:16",NULL,1,1,NULL,products/fuc9nxlwgruu3k3zvqhs
49,13,https://res.cloudinary.com/dmvupvnyu/image/upload/v1775471363/products/h0ouftzeuflhatmyjayy.jpg,1,"2026-04-06 04:29:27","2026-04-06 04:29:27",NULL,1,1,NULL,products/h0ouftzeuflhatmyjayy
50,13,https://res.cloudinary.com/dmvupvnyu/image/upload/v1775471364/products/nsrx5lewazakorxwwajw.jpg,2,"2026-04-06 04:29:27","2026-04-06 04:29:27",NULL,1,1,NULL,products/nsrx5lewazakorxwwajw
51,13,https://res.cloudinary.com/dmvupvnyu/image/upload/v1775471365/products/vse9cgec2jvtshkkndoz.jpg,3,"2026-04-06 04:29:27","2026-04-06 04:29:27",NULL,1,1,NULL,products/vse9cgec2jvtshkkndoz
52,13,https://res.cloudinary.com/dmvupvnyu/image/upload/v1775471365/products/g1eciyjhcpcpaox1rj4n.avif,4,"2026-04-06 04:29:27","2026-04-06 04:29:27",NULL,1,1,NULL,products/g1eciyjhcpcpaox1rj4n
53,14,https://res.cloudinary.com/dmvupvnyu/image/upload/v1775471502/products/o2npha7zykugqsledi5k.avif,1,"2026-04-06 04:31:47","2026-04-06 04:31:47",NULL,1,1,NULL,products/o2npha7zykugqsledi5k
54,14,https://res.cloudinary.com/dmvupvnyu/image/upload/v1775471504/products/jnr5jcneigapq6abjkd2.avif,2,"2026-04-06 04:31:47","2026-04-06 04:31:47",NULL,1,1,NULL,products/jnr5jcneigapq6abjkd2
55,14,https://res.cloudinary.com/dmvupvnyu/image/upload/v1775471505/products/rzrofro6lpdz4yqie4h4.avif,3,"2026-04-06 04:31:47","2026-04-06 04:31:47",NULL,1,1,NULL,products/rzrofro6lpdz4yqie4h4
56,14,https://res.cloudinary.com/dmvupvnyu/image/upload/v1775471506/products/vqhoy7tvs9rxri2hzscv.avif,4,"2026-04-06 04:31:47","2026-04-06 04:31:47",NULL,1,1,NULL,products/vqhoy7tvs9rxri2hzscv
57,15,https://res.cloudinary.com/dmvupvnyu/image/upload/v1775471721/products/wwxbwmnblzdl1nsd1uhs.webp,1,"2026-04-06 04:35:24","2026-04-06 04:35:24",NULL,1,1,NULL,products/wwxbwmnblzdl1nsd1uhs
58,15,https://res.cloudinary.com/dmvupvnyu/image/upload/v1775471721/products/ffqmydxg0m6gtw9cmguj.webp,2,"2026-04-06 04:35:24","2026-04-06 04:35:24",NULL,1,1,NULL,products/ffqmydxg0m6gtw9cmguj
59,15,https://res.cloudinary.com/dmvupvnyu/image/upload/v1775471722/products/chh44v6capzmfoiivaew.webp,3,"2026-04-06 04:35:24","2026-04-06 04:35:24",NULL,1,1,NULL,products/chh44v6capzmfoiivaew
60,15,https://res.cloudinary.com/dmvupvnyu/image/upload/v1775471723/products/g2bq1fagzs3vdcp1re1p.webp,4,"2026-04-06 04:35:24","2026-04-06 04:35:24",NULL,1,1,NULL,products/g2bq1fagzs3vdcp1re1p
61,16,https://res.cloudinary.com/dmvupvnyu/image/upload/v1775471877/products/z2zmm1p1fhjfff460dbc.webp,1,"2026-04-06 04:38:00","2026-04-06 04:38:00",NULL,1,1,NULL,products/z2zmm1p1fhjfff460dbc
62,16,https://res.cloudinary.com/dmvupvnyu/image/upload/v1775471878/products/kdtlpeu1ge04vcuxd73l.webp,2,"2026-04-06 04:38:00","2026-04-06 04:38:00",NULL,1,1,NULL,products/kdtlpeu1ge04vcuxd73l
63,16,https://res.cloudinary.com/dmvupvnyu/image/upload/v1775471878/products/usjbz3g9tb8btzqbpvyi.webp,3,"2026-04-06 04:38:00","2026-04-06 04:38:00",NULL,1,1,NULL,products/usjbz3g9tb8btzqbpvyi
64,16,https://res.cloudinary.com/dmvupvnyu/image/upload/v1775471879/products/czbx87fxmtgyypoq1d02.webp,4,"2026-04-06 04:38:00","2026-04-06 04:38:00",NULL,1,1,NULL,products/czbx87fxmtgyypoq1d02
65,17,https://res.cloudinary.com/dmvupvnyu/image/upload/v1775472038/products/rm6fd40esbe8jkgn7zal.avif,1,"2026-04-06 04:40:48","2026-04-06 04:40:48",NULL,1,1,NULL,products/rm6fd40esbe8jkgn7zal
66,17,https://res.cloudinary.com/dmvupvnyu/image/upload/v1775472042/products/ux24pbypjmlox7cw6331.avif,2,"2026-04-06 04:40:48","2026-04-06 04:40:48",NULL,1,1,NULL,products/ux24pbypjmlox7cw6331
67,17,https://res.cloudinary.com/dmvupvnyu/image/upload/v1775472044/products/cq5fvosdphnkbvkabyk7.avif,3,"2026-04-06 04:40:48","2026-04-06 04:40:48",NULL,1,1,NULL,products/cq5fvosdphnkbvkabyk7
68,17,https://res.cloudinary.com/dmvupvnyu/image/upload/v1775472046/products/hmeia5ofcmgsm6iqyjvf.avif,4,"2026-04-06 04:40:48","2026-04-06 04:40:48",NULL,1,1,NULL,products/hmeia5ofcmgsm6iqyjvf
69,18,https://res.cloudinary.com/dmvupvnyu/image/upload/v1775472148/products/qgtzu23dthwoqhj6avae.jpg,1,"2026-04-06 04:42:32","2026-04-06 04:42:32",NULL,1,1,NULL,products/qgtzu23dthwoqhj6avae
70,18,https://res.cloudinary.com/dmvupvnyu/image/upload/v1775472149/products/xnowr2nhvn5ga6easgk0.jpg,2,"2026-04-06 04:42:32","2026-04-06 04:42:32",NULL,1,1,NULL,products/xnowr2nhvn5ga6easgk0
71,18,https://res.cloudinary.com/dmvupvnyu/image/upload/v1775472150/products/ybwxcix6jlme123c7fme.jpg,3,"2026-04-06 04:42:32","2026-04-06 04:42:32",NULL,1,1,NULL,products/ybwxcix6jlme123c7fme
72,18,https://res.cloudinary.com/dmvupvnyu/image/upload/v1775472150/products/rjhedbcp1osajbedazci.jpg,4,"2026-04-06 04:42:32","2026-04-06 04:42:32",NULL,1,1,NULL,products/rjhedbcp1osajbedazci
73,19,https://res.cloudinary.com/dmvupvnyu/image/upload/v1775472256/products/lgpkp11jr9lchyvdtps1.jpg,1,"2026-04-06 04:44:19","2026-04-06 04:44:19",NULL,1,1,NULL,products/lgpkp11jr9lchyvdtps1
74,19,https://res.cloudinary.com/dmvupvnyu/image/upload/v1775472257/products/ejnjpehox3ssbqbbvkus.jpg,2,"2026-04-06 04:44:19","2026-04-06 04:44:19",NULL,1,1,NULL,products/ejnjpehox3ssbqbbvkus
75,19,https://res.cloudinary.com/dmvupvnyu/image/upload/v1775472257/products/vatgndqusk56zqduys3l.jpg,3,"2026-04-06 04:44:19","2026-04-06 04:44:19",NULL,1,1,NULL,products/vatgndqusk56zqduys3l
76,19,https://res.cloudinary.com/dmvupvnyu/image/upload/v1775472258/products/klcibgt8l8tsbhj3y4o3.jpg,4,"2026-04-06 04:44:19","2026-04-06 04:44:19",NULL,1,1,NULL,products/klcibgt8l8tsbhj3y4o3
77,20,https://res.cloudinary.com/dmvupvnyu/image/upload/v1775472507/products/u9ovxzmivmyapi1psk1m.avif,1,"2026-04-06 04:48:42","2026-04-06 04:48:42",NULL,1,1,NULL,products/u9ovxzmivmyapi1psk1m
78,20,https://res.cloudinary.com/dmvupvnyu/image/upload/v1775472508/products/lnm2bgkhty3ni25ys8ba.avif,2,"2026-04-06 04:48:42","2026-04-06 04:48:42",NULL,1,1,NULL,products/lnm2bgkhty3ni25ys8ba
79,20,https://res.cloudinary.com/dmvupvnyu/image/upload/v1775472513/products/rrsjpavb9dw1fo6kamd3.avif,3,"2026-04-06 04:48:42","2026-04-06 04:48:42",NULL,1,1,NULL,products/rrsjpavb9dw1fo6kamd3
80,20,https://res.cloudinary.com/dmvupvnyu/image/upload/v1775472518/products/nbivatznldmyzcxex7am.avif,4,"2026-04-06 04:48:42","2026-04-06 04:48:42",NULL,1,1,NULL,products/nbivatznldmyzcxex7am
81,21,https://res.cloudinary.com/dmvupvnyu/image/upload/v1775472629/products/jap3ldtbrcbafq2u4rpa.png,1,"2026-04-06 04:50:35","2026-04-06 04:50:35",NULL,1,1,NULL,products/jap3ldtbrcbafq2u4rpa
82,21,https://res.cloudinary.com/dmvupvnyu/image/upload/v1775472631/products/fyagtdepxponz32rginp.png,2,"2026-04-06 04:50:35","2026-04-06 04:50:35",NULL,1,1,NULL,products/fyagtdepxponz32rginp
83,21,https://res.cloudinary.com/dmvupvnyu/image/upload/v1775472632/products/cy95h521vfuifvigfs3b.png,3,"2026-04-06 04:50:35","2026-04-06 04:50:35",NULL,1,1,NULL,products/cy95h521vfuifvigfs3b
84,21,https://res.cloudinary.com/dmvupvnyu/image/upload/v1775472634/products/ayuswlhf2f74z12qwuxv.png,4,"2026-04-06 04:50:35","2026-04-06 04:50:35",NULL,1,1,NULL,products/ayuswlhf2f74z12qwuxv
85,22,https://res.cloudinary.com/dmvupvnyu/image/upload/v1775472709/products/ptskedtxtcoajlscapde.avif,1,"2026-04-06 04:51:52","2026-04-06 04:51:52",NULL,1,1,NULL,products/ptskedtxtcoajlscapde
86,22,https://res.cloudinary.com/dmvupvnyu/image/upload/v1775472710/products/u47xoo7pbkfd1oprdt9h.avif,2,"2026-04-06 04:51:52","2026-04-06 04:51:52",NULL,1,1,NULL,products/u47xoo7pbkfd1oprdt9h
87,22,https://res.cloudinary.com/dmvupvnyu/image/upload/v1775472710/products/mlxplof1m6vqswhhe7pr.avif,3,"2026-04-06 04:51:52","2026-04-06 04:51:52",NULL,1,1,NULL,products/mlxplof1m6vqswhhe7pr
88,22,https://res.cloudinary.com/dmvupvnyu/image/upload/v1775472711/products/vivw31y0ryyuavt14qea.avif,4,"2026-04-06 04:51:52","2026-04-06 04:51:52",NULL,1,1,NULL,products/vivw31y0ryyuavt14qea
89,23,https://res.cloudinary.com/dmvupvnyu/image/upload/v1775473001/products/ppupe5jit6xayaiwspvv.avif,1,"2026-04-06 04:56:49","2026-04-06 04:56:49",NULL,1,1,NULL,products/ppupe5jit6xayaiwspvv
90,23,https://res.cloudinary.com/dmvupvnyu/image/upload/v1775473002/products/pwks6f9nzkubk0dosjhm.avif,2,"2026-04-06 04:56:49","2026-04-06 04:56:49",NULL,1,1,NULL,products/pwks6f9nzkubk0dosjhm
91,23,https://res.cloudinary.com/dmvupvnyu/image/upload/v1775473006/products/lvpy3fhpdcjt6on9fifx.avif,3,"2026-04-06 04:56:49","2026-04-06 04:56:49",NULL,1,1,NULL,products/lvpy3fhpdcjt6on9fifx
92,23,https://res.cloudinary.com/dmvupvnyu/image/upload/v1775473008/products/wxqtvrwstvocsegezc1x.avif,4,"2026-04-06 04:56:49","2026-04-06 04:56:49",NULL,1,1,NULL,products/wxqtvrwstvocsegezc1x
93,24,https://res.cloudinary.com/dmvupvnyu/image/upload/v1775473477/products/basq6nxlx7oyxd0piaky.webp,1,"2026-04-06 05:04:41","2026-04-06 05:04:41",NULL,1,1,NULL,products/basq6nxlx7oyxd0piaky
94,24,https://res.cloudinary.com/dmvupvnyu/image/upload/v1775473478/products/bnxquyuo1gbyexcmze20.webp,2,"2026-04-06 05:04:41","2026-04-06 05:04:41",NULL,1,1,NULL,products/bnxquyuo1gbyexcmze20
95,24,https://res.cloudinary.com/dmvupvnyu/image/upload/v1775473479/products/et2dijvis6lsivspvllz.webp,3,"2026-04-06 05:04:41","2026-04-06 05:04:41",NULL,1,1,NULL,products/et2dijvis6lsivspvllz
96,24,https://res.cloudinary.com/dmvupvnyu/image/upload/v1775473480/products/eapbrjcdmy1ozhltraxs.webp,4,"2026-04-06 05:04:41","2026-04-06 05:04:41",NULL,1,1,NULL,products/eapbrjcdmy1ozhltraxs
97,25,https://res.cloudinary.com/dmvupvnyu/image/upload/v1775491840/products/xglzpymlvugmjwaegc5a.webp,1,"2026-04-06 10:10:42","2026-04-06 10:10:42",NULL,1,1,NULL,products/xglzpymlvugmjwaegc5a
98,25,https://res.cloudinary.com/dmvupvnyu/image/upload/v1775491841/products/otxudwkduaila1cyqihg.webp,2,"2026-04-06 10:10:42","2026-04-06 10:10:42",NULL,1,1,NULL,products/otxudwkduaila1cyqihg
99,25,https://res.cloudinary.com/dmvupvnyu/image/upload/v1775491843/products/asye659nckdu1hydagub.webp,3,"2026-04-06 10:10:42","2026-04-06 10:10:42",NULL,1,1,NULL,products/asye659nckdu1hydagub
100,25,https://res.cloudinary.com/dmvupvnyu/image/upload/v1775491843/products/cbpodrr6pnc1lrgwweha.webp,4,"2026-04-06 10:10:42","2026-04-06 10:10:42",NULL,1,1,NULL,products/cbpodrr6pnc1lrgwweha
101,26,https://res.cloudinary.com/dmvupvnyu/image/upload/v1775492069/products/ivoq5buubiulcxxnihri.png,1,"2026-04-06 10:14:30","2026-04-06 10:14:30",NULL,1,1,NULL,products/ivoq5buubiulcxxnihri
102,26,https://res.cloudinary.com/dmvupvnyu/image/upload/v1775492070/products/aqp3nluvpiaccya8gq4d.png,2,"2026-04-06 10:14:30","2026-04-06 10:14:30",NULL,1,1,NULL,products/aqp3nluvpiaccya8gq4d
103,26,https://res.cloudinary.com/dmvupvnyu/image/upload/v1775492070/products/tyrvqgun27y6wjavv5yo.png,3,"2026-04-06 10:14:30","2026-04-06 10:14:30",NULL,1,1,NULL,products/tyrvqgun27y6wjavv5yo
104,26,https://res.cloudinary.com/dmvupvnyu/image/upload/v1775492071/products/ardmtx4r15fsgu7fgktq.png,4,"2026-04-06 10:14:30","2026-04-06 10:14:30",NULL,1,1,NULL,products/ardmtx4r15fsgu7fgktq
105,27,https://res.cloudinary.com/dmvupvnyu/image/upload/v1775492143/products/sazzaspzgwjbfxbixdmj.webp,1,"2026-04-06 10:15:45","2026-04-06 10:15:45",NULL,1,1,NULL,products/sazzaspzgwjbfxbixdmj
106,27,https://res.cloudinary.com/dmvupvnyu/image/upload/v1775492143/products/fjeedkcjov2huseo8s58.webp,2,"2026-04-06 10:15:45","2026-04-06 10:15:45",NULL,1,1,NULL,products/fjeedkcjov2huseo8s58
107,27,https://res.cloudinary.com/dmvupvnyu/image/upload/v1775492144/products/yrqdoc1ohkwhlusy1eae.webp,3,"2026-04-06 10:15:45","2026-04-06 10:15:45",NULL,1,1,NULL,products/yrqdoc1ohkwhlusy1eae
108,27,https://res.cloudinary.com/dmvupvnyu/image/upload/v1775492145/products/zyab3noauczlcmgklllf.webp,4,"2026-04-06 10:15:45","2026-04-06 10:15:45",NULL,1,1,NULL,products/zyab3noauczlcmgklllf
109,28,https://res.cloudinary.com/dmvupvnyu/image/upload/v1775492368/products/eizrpqutbdrkiljzhob1.avif,1,"2026-04-06 10:19:29","2026-04-06 10:19:29",NULL,1,1,NULL,products/eizrpqutbdrkiljzhob1
110,28,https://res.cloudinary.com/dmvupvnyu/image/upload/v1775492368/products/soyucvhyl9atydnkm9di.avif,2,"2026-04-06 10:19:29","2026-04-06 10:19:29",NULL,1,1,NULL,products/soyucvhyl9atydnkm9di
111,28,https://res.cloudinary.com/dmvupvnyu/image/upload/v1775492369/products/rznbvnp4ed8ddnbesvi5.avif,3,"2026-04-06 10:19:29","2026-04-06 10:19:29",NULL,1,1,NULL,products/rznbvnp4ed8ddnbesvi5
112,28,https://res.cloudinary.com/dmvupvnyu/image/upload/v1775492370/products/yczhe0puxh0pvpbudwid.avif,4,"2026-04-06 10:19:29","2026-04-06 10:19:29",NULL,1,1,NULL,products/yczhe0puxh0pvpbudwid
113,29,https://res.cloudinary.com/dmvupvnyu/image/upload/v1775492466/products/sk3v3ie1c96xcrv6icl6.jpg,1,"2026-04-06 10:21:07","2026-04-06 10:21:07",NULL,1,1,NULL,products/sk3v3ie1c96xcrv6icl6
114,29,https://res.cloudinary.com/dmvupvnyu/image/upload/v1775492466/products/kjyqipwgibwhoajtz8ae.jpg,2,"2026-04-06 10:21:07","2026-04-06 10:21:07",NULL,1,1,NULL,products/kjyqipwgibwhoajtz8ae
115,29,https://res.cloudinary.com/dmvupvnyu/image/upload/v1775492467/products/fjcahlyph279cz0da0mp.jpg,3,"2026-04-06 10:21:07","2026-04-06 10:21:07",NULL,1,1,NULL,products/fjcahlyph279cz0da0mp
116,29,https://res.cloudinary.com/dmvupvnyu/image/upload/v1775492468/products/fd1ibtglxu8ucda36qhh.jpg,4,"2026-04-06 10:21:07","2026-04-06 10:21:07",NULL,1,1,NULL,products/fd1ibtglxu8ucda36qhh
117,30,https://res.cloudinary.com/dmvupvnyu/image/upload/v1775492586/products/tw7eiweu7svrrvg9izlq.jpg,1,"2026-04-06 10:23:07","2026-04-06 10:23:07",NULL,1,1,NULL,products/tw7eiweu7svrrvg9izlq
118,30,https://res.cloudinary.com/dmvupvnyu/image/upload/v1775492587/products/pokdveaq9vsrd0ccrvbi.jpg,2,"2026-04-06 10:23:07","2026-04-06 10:23:07",NULL,1,1,NULL,products/pokdveaq9vsrd0ccrvbi
119,30,https://res.cloudinary.com/dmvupvnyu/image/upload/v1775492588/products/eggmmyucnpk1tlzb5std.jpg,3,"2026-04-06 10:23:07","2026-04-06 10:23:07",NULL,1,1,NULL,products/eggmmyucnpk1tlzb5std
120,30,https://res.cloudinary.com/dmvupvnyu/image/upload/v1775492588/products/xrbaeglwexpjgg0ph1mw.jpg,4,"2026-04-06 10:23:07","2026-04-06 10:23:07",NULL,1,1,NULL,products/xrbaeglwexpjgg0ph1mw
121,31,https://res.cloudinary.com/dmvupvnyu/image/upload/v1775492741/products/crqn9bgsczai6dnjlzhv.jpg,1,"2026-04-06 10:25:42","2026-04-06 10:25:42",NULL,1,1,NULL,products/crqn9bgsczai6dnjlzhv
122,31,https://res.cloudinary.com/dmvupvnyu/image/upload/v1775492741/products/pyfb2ufqiagmrxwfmrb2.jpg,2,"2026-04-06 10:25:42","2026-04-06 10:25:42",NULL,1,1,NULL,products/pyfb2ufqiagmrxwfmrb2
123,31,https://res.cloudinary.com/dmvupvnyu/image/upload/v1775492742/products/c83nprsrqtlyy9sneztt.jpg,3,"2026-04-06 10:25:42","2026-04-06 10:25:42",NULL,1,1,NULL,products/c83nprsrqtlyy9sneztt
124,31,https://res.cloudinary.com/dmvupvnyu/image/upload/v1775492743/products/xmrsuvrdzkzcrogfpt1k.jpg,4,"2026-04-06 10:25:42","2026-04-06 10:25:42",NULL,1,1,NULL,products/xmrsuvrdzkzcrogfpt1k
125,32,https://res.cloudinary.com/dmvupvnyu/image/upload/v1775492853/products/dhfyikj9zpraw9wjyzp7.webp,1,"2026-04-06 10:27:34","2026-04-06 10:27:34",NULL,1,1,NULL,products/dhfyikj9zpraw9wjyzp7
126,32,https://res.cloudinary.com/dmvupvnyu/image/upload/v1775492854/products/oqqp7ay2gjkqo5phdras.webp,2,"2026-04-06 10:27:34","2026-04-06 10:27:34",NULL,1,1,NULL,products/oqqp7ay2gjkqo5phdras
127,32,https://res.cloudinary.com/dmvupvnyu/image/upload/v1775492854/products/mi3kz1srpdnsqhtvkir7.webp,3,"2026-04-06 10:27:34","2026-04-06 10:27:34",NULL,1,1,NULL,products/mi3kz1srpdnsqhtvkir7
128,32,https://res.cloudinary.com/dmvupvnyu/image/upload/v1775492855/products/sx82rkvg2qveilgrll2w.webp,4,"2026-04-06 10:27:34","2026-04-06 10:27:34",NULL,1,1,NULL,products/sx82rkvg2qveilgrll2w
129,33,https://res.cloudinary.com/dmvupvnyu/image/upload/v1775493001/products/w8bat8ocsvvth9gfp0oi.jpg,1,"2026-04-06 10:30:02","2026-04-06 10:30:02",NULL,1,1,NULL,products/w8bat8ocsvvth9gfp0oi
130,33,https://res.cloudinary.com/dmvupvnyu/image/upload/v1775493002/products/sfhcsnold9hp5n4obxtl.jpg,2,"2026-04-06 10:30:02","2026-04-06 10:30:02",NULL,1,1,NULL,products/sfhcsnold9hp5n4obxtl
131,33,https://res.cloudinary.com/dmvupvnyu/image/upload/v1775493002/products/cj1udepruznau38eqgkj.jpg,3,"2026-04-06 10:30:02","2026-04-06 10:30:02",NULL,1,1,NULL,products/cj1udepruznau38eqgkj
132,33,https://res.cloudinary.com/dmvupvnyu/image/upload/v1775493003/products/crpqd4oxxlz0nlfkh0vo.jpg,4,"2026-04-06 10:30:02","2026-04-06 10:30:02",NULL,1,1,NULL,products/crpqd4oxxlz0nlfkh0vo
133,34,https://res.cloudinary.com/dmvupvnyu/image/upload/v1775493265/products/bnuxmcabblknrllggq7x.jpg,1,"2026-04-06 10:34:26","2026-04-06 10:34:26",NULL,1,1,NULL,products/bnuxmcabblknrllggq7x
134,34,https://res.cloudinary.com/dmvupvnyu/image/upload/v1775493266/products/ih0grnlx74mxqostgwxa.jpg,2,"2026-04-06 10:34:26","2026-04-06 10:34:26",NULL,1,1,NULL,products/ih0grnlx74mxqostgwxa
135,34,https://res.cloudinary.com/dmvupvnyu/image/upload/v1775493266/products/kp27mtpfqkgv66bffgea.jpg,3,"2026-04-06 10:34:26","2026-04-06 10:34:26",NULL,1,1,NULL,products/kp27mtpfqkgv66bffgea
136,34,https://res.cloudinary.com/dmvupvnyu/image/upload/v1775493267/products/ttp52tovz8xk6r9sdwrf.jpg,4,"2026-04-06 10:34:26","2026-04-06 10:34:26",NULL,1,1,NULL,products/ttp52tovz8xk6r9sdwrf
137,35,https://res.cloudinary.com/dmvupvnyu/image/upload/v1775493393/products/awv4rzjrhtix7wvnv5s5.webp,1,"2026-04-06 10:36:34","2026-04-06 10:36:34",NULL,1,1,NULL,products/awv4rzjrhtix7wvnv5s5
138,35,https://res.cloudinary.com/dmvupvnyu/image/upload/v1775493393/products/qx7fc5h15rycncvgrvqm.webp,2,"2026-04-06 10:36:34","2026-04-06 10:36:34",NULL,1,1,NULL,products/qx7fc5h15rycncvgrvqm
139,35,https://res.cloudinary.com/dmvupvnyu/image/upload/v1775493394/products/v33pzftp7iwuzp5xvhxe.webp,3,"2026-04-06 10:36:34","2026-04-06 10:36:34",NULL,1,1,NULL,products/v33pzftp7iwuzp5xvhxe
140,35,https://res.cloudinary.com/dmvupvnyu/image/upload/v1775493394/products/gclwi7wctpijztxnz7zk.webp,4,"2026-04-06 10:36:34","2026-04-06 10:36:34",NULL,1,1,NULL,products/gclwi7wctpijztxnz7zk
141,36,https://res.cloudinary.com/dmvupvnyu/image/upload/v1775493666/products/xxwirkkyoypflmkmahwd.webp,1,"2026-04-06 10:41:07","2026-04-06 10:41:07",NULL,1,1,NULL,products/xxwirkkyoypflmkmahwd
142,36,https://res.cloudinary.com/dmvupvnyu/image/upload/v1775493667/products/png2nhhzspyyosn4wtit.webp,2,"2026-04-06 10:41:07","2026-04-06 10:41:07",NULL,1,1,NULL,products/png2nhhzspyyosn4wtit
143,36,https://res.cloudinary.com/dmvupvnyu/image/upload/v1775493667/products/pau6btran1tmoffdldpf.webp,3,"2026-04-06 10:41:07","2026-04-06 10:41:07",NULL,1,1,NULL,products/pau6btran1tmoffdldpf
144,36,https://res.cloudinary.com/dmvupvnyu/image/upload/v1775493668/products/ofiulflzucngjb4aaeko.webp,4,"2026-04-06 10:41:07","2026-04-06 10:41:07",NULL,1,1,NULL,products/ofiulflzucngjb4aaeko
145,37,https://res.cloudinary.com/dmvupvnyu/image/upload/v1775493814/products/beparmuwnt1eosnt5edp.webp,1,"2026-04-06 10:43:34","2026-04-06 10:43:34",NULL,1,1,NULL,products/beparmuwnt1eosnt5edp
146,37,https://res.cloudinary.com/dmvupvnyu/image/upload/v1775493814/products/a0gts8c3qbkqspuvtrdr.webp,2,"2026-04-06 10:43:34","2026-04-06 10:43:34",NULL,1,1,NULL,products/a0gts8c3qbkqspuvtrdr
147,37,https://res.cloudinary.com/dmvupvnyu/image/upload/v1775493815/products/t361gv0ryentwi7c0p5e.webp,3,"2026-04-06 10:43:34","2026-04-06 10:43:34",NULL,1,1,NULL,products/t361gv0ryentwi7c0p5e
148,37,https://res.cloudinary.com/dmvupvnyu/image/upload/v1775493815/products/zsyhylpe4egjo5qwr1p5.webp,4,"2026-04-06 10:43:34","2026-04-06 10:43:34",NULL,1,1,NULL,products/zsyhylpe4egjo5qwr1p5
149,38,https://res.cloudinary.com/dmvupvnyu/image/upload/v1775494048/products/rlqgycqfcgyewlxke3si.webp,1,"2026-04-06 10:47:30","2026-04-06 10:47:30",NULL,1,1,NULL,products/rlqgycqfcgyewlxke3si
150,38,https://res.cloudinary.com/dmvupvnyu/image/upload/v1775494049/products/r41np7hwsurnknrfdrvw.webp,2,"2026-04-06 10:47:30","2026-04-06 10:47:30",NULL,1,1,NULL,products/r41np7hwsurnknrfdrvw
151,38,https://res.cloudinary.com/dmvupvnyu/image/upload/v1775494050/products/bbc0wvc9caiywodxwu01.webp,3,"2026-04-06 10:47:30","2026-04-06 10:47:30",NULL,1,1,NULL,products/bbc0wvc9caiywodxwu01
152,38,https://res.cloudinary.com/dmvupvnyu/image/upload/v1775494050/products/h4b8klbwyjuegdrmxilz.webp,4,"2026-04-06 10:47:30","2026-04-06 10:47:30",NULL,1,1,NULL,products/h4b8klbwyjuegdrmxilz
153,39,https://res.cloudinary.com/dmvupvnyu/image/upload/v1775494159/products/jiinmvuf5gjezgu3nell.jpg,1,"2026-04-06 10:49:20","2026-04-06 10:49:20",NULL,1,1,NULL,products/jiinmvuf5gjezgu3nell
154,39,https://res.cloudinary.com/dmvupvnyu/image/upload/v1775494159/products/ixypljtq1hjifsjw9mri.jpg,2,"2026-04-06 10:49:20","2026-04-06 10:49:20",NULL,1,1,NULL,products/ixypljtq1hjifsjw9mri
155,39,https://res.cloudinary.com/dmvupvnyu/image/upload/v1775494160/products/j9sn6mqexkxe6hxsrtrr.jpg,3,"2026-04-06 10:49:20","2026-04-06 10:49:20",NULL,1,1,NULL,products/j9sn6mqexkxe6hxsrtrr
156,39,https://res.cloudinary.com/dmvupvnyu/image/upload/v1775494160/products/oc5ixfcnxmvedckv9rt4.jpg,4,"2026-04-06 10:49:20","2026-04-06 10:49:20",NULL,1,1,NULL,products/oc5ixfcnxmvedckv9rt4
157,40,https://res.cloudinary.com/dmvupvnyu/image/upload/v1775494304/products/munkoy8xoohdkwiyui2g.jpg,1,"2026-04-06 10:51:45","2026-04-06 10:51:45",NULL,1,1,NULL,products/munkoy8xoohdkwiyui2g
158,40,https://res.cloudinary.com/dmvupvnyu/image/upload/v1775494304/products/oxgdfgdrkyuf4zhnlyqb.jpg,2,"2026-04-06 10:51:45","2026-04-06 10:51:45",NULL,1,1,NULL,products/oxgdfgdrkyuf4zhnlyqb
159,40,https://res.cloudinary.com/dmvupvnyu/image/upload/v1775494305/products/hsopdp5srzpki0jvff1q.jpg,3,"2026-04-06 10:51:45","2026-04-06 10:51:45",NULL,1,1,NULL,products/hsopdp5srzpki0jvff1q
160,40,https://res.cloudinary.com/dmvupvnyu/image/upload/v1775494306/products/wzbzdqixxii6ucd79y8b.jpg,4,"2026-04-06 10:51:45","2026-04-06 10:51:45",NULL,1,1,NULL,products/wzbzdqixxii6ucd79y8b
161,41,https://res.cloudinary.com/dmvupvnyu/image/upload/v1775494414/products/xmlqnswyvmpsqqgrlrbc.avif,1,"2026-04-06 10:53:35","2026-04-06 10:53:35",NULL,1,1,NULL,products/xmlqnswyvmpsqqgrlrbc
162,41,https://res.cloudinary.com/dmvupvnyu/image/upload/v1775494414/products/rpxaca8rufzn1khl3tt5.avif,2,"2026-04-06 10:53:35","2026-04-06 10:53:35",NULL,1,1,NULL,products/rpxaca8rufzn1khl3tt5
163,41,https://res.cloudinary.com/dmvupvnyu/image/upload/v1775494415/products/tjfk0dw0tensagztsqre.avif,3,"2026-04-06 10:53:35","2026-04-06 10:53:35",NULL,1,1,NULL,products/tjfk0dw0tensagztsqre
164,41,https://res.cloudinary.com/dmvupvnyu/image/upload/v1775494416/products/tjqoe8guabafrsvbs7oc.avif,4,"2026-04-06 10:53:35","2026-04-06 10:53:35",NULL,1,1,NULL,products/tjqoe8guabafrsvbs7oc
165,42,https://res.cloudinary.com/dmvupvnyu/image/upload/v1775494470/products/q3nqq6w46whrsg4tmyjq.webp,1,"2026-04-06 10:54:30","2026-04-06 10:54:30",NULL,1,1,NULL,products/q3nqq6w46whrsg4tmyjq
166,42,https://res.cloudinary.com/dmvupvnyu/image/upload/v1775494470/products/pcgchicbt3w1ykgwwyzb.webp,2,"2026-04-06 10:54:30","2026-04-06 10:54:30",NULL,1,1,NULL,products/pcgchicbt3w1ykgwwyzb
167,42,https://res.cloudinary.com/dmvupvnyu/image/upload/v1775494471/products/oervfzcibxornxstiolx.webp,3,"2026-04-06 10:54:30","2026-04-06 10:54:30",NULL,1,1,NULL,products/oervfzcibxornxstiolx
168,42,https://res.cloudinary.com/dmvupvnyu/image/upload/v1775494471/products/vpdqcr3foho08thxhztx.webp,4,"2026-04-06 10:54:30","2026-04-06 10:54:30",NULL,1,1,NULL,products/vpdqcr3foho08thxhztx
169,43,https://res.cloudinary.com/dmvupvnyu/image/upload/v1775494531/products/nvdbo3ha4w52wo671kws.webp,1,"2026-04-06 10:55:32","2026-04-06 10:55:32",NULL,1,1,NULL,products/nvdbo3ha4w52wo671kws
170,43,https://res.cloudinary.com/dmvupvnyu/image/upload/v1775494531/products/bgvcpnl79nysnvpt5viz.webp,2,"2026-04-06 10:55:32","2026-04-06 10:55:32",NULL,1,1,NULL,products/bgvcpnl79nysnvpt5viz
171,43,https://res.cloudinary.com/dmvupvnyu/image/upload/v1775494532/products/nwwb7sfy6kb8npoqnm8h.webp,3,"2026-04-06 10:55:32","2026-04-06 10:55:32",NULL,1,1,NULL,products/nwwb7sfy6kb8npoqnm8h
172,43,https://res.cloudinary.com/dmvupvnyu/image/upload/v1775494533/products/r3i2e611yuenwvuuobbx.webp,4,"2026-04-06 10:55:32","2026-04-06 10:55:32",NULL,1,1,NULL,products/r3i2e611yuenwvuuobbx
173,44,https://res.cloudinary.com/dmvupvnyu/image/upload/v1775494674/products/htmmv37i5negebujhbv6.webp,1,"2026-04-06 10:57:55","2026-04-06 10:57:55",NULL,1,1,NULL,products/htmmv37i5negebujhbv6
174,44,https://res.cloudinary.com/dmvupvnyu/image/upload/v1775494675/products/hdohk9q7ywlbu04ufbvr.webp,2,"2026-04-06 10:57:55","2026-04-06 10:57:55",NULL,1,1,NULL,products/hdohk9q7ywlbu04ufbvr
175,44,https://res.cloudinary.com/dmvupvnyu/image/upload/v1775494675/products/lp6jylslmqccovqibuxs.webp,3,"2026-04-06 10:57:55","2026-04-06 10:57:55",NULL,1,1,NULL,products/lp6jylslmqccovqibuxs
176,44,https://res.cloudinary.com/dmvupvnyu/image/upload/v1775494676/products/myki0d2fthctdrykj5uh.webp,4,"2026-04-06 10:57:55","2026-04-06 10:57:55",NULL,1,1,NULL,products/myki0d2fthctdrykj5uh
177,45,https://res.cloudinary.com/dmvupvnyu/image/upload/v1775495173/products/qt7jtgpo9kjy86a6xzvw.png,1,"2026-04-06 11:06:15","2026-04-06 11:06:15",NULL,1,1,NULL,products/qt7jtgpo9kjy86a6xzvw
178,45,https://res.cloudinary.com/dmvupvnyu/image/upload/v1775495174/products/evuuwqrur8sfwk6h1t0c.png,2,"2026-04-06 11:06:15","2026-04-06 11:06:15",NULL,1,1,NULL,products/evuuwqrur8sfwk6h1t0c
179,45,https://res.cloudinary.com/dmvupvnyu/image/upload/v1775495175/products/hjf1zq8ee3o85xhtcedu.png,3,"2026-04-06 11:06:15","2026-04-06 11:06:15",NULL,1,1,NULL,products/hjf1zq8ee3o85xhtcedu
180,45,https://res.cloudinary.com/dmvupvnyu/image/upload/v1775495176/products/ed7ehdnw6mpjlqpmsbuz.png,4,"2026-04-06 11:06:15","2026-04-06 11:06:15",NULL,1,1,NULL,products/ed7ehdnw6mpjlqpmsbuz
181,46,https://res.cloudinary.com/dmvupvnyu/image/upload/v1775495192/products/jjklaa4ewd2pdqyacoly.jpg,1,"2026-04-06 11:06:33","2026-04-06 11:06:33",NULL,1,1,NULL,products/jjklaa4ewd2pdqyacoly
182,46,https://res.cloudinary.com/dmvupvnyu/image/upload/v1775495193/products/paajubacfzutlus5oagp.jpg,2,"2026-04-06 11:06:33","2026-04-06 11:06:33",NULL,1,1,NULL,products/paajubacfzutlus5oagp
183,46,https://res.cloudinary.com/dmvupvnyu/image/upload/v1775495194/products/dknuykaragdpcx0k7gw6.jpg,3,"2026-04-06 11:06:33","2026-04-06 11:06:33",NULL,1,1,NULL,products/dknuykaragdpcx0k7gw6
184,46,https://res.cloudinary.com/dmvupvnyu/image/upload/v1775495194/products/gdoejmembtbzsd8ctfsp.jpg,4,"2026-04-06 11:06:33","2026-04-06 11:06:33",NULL,1,1,NULL,products/gdoejmembtbzsd8ctfsp
185,47,https://res.cloudinary.com/dmvupvnyu/image/upload/v1775495403/products/jrowhv51rc6q7mwp52jc.png,1,"2026-04-06 11:10:04","2026-04-06 11:10:04",NULL,1,1,NULL,products/jrowhv51rc6q7mwp52jc
186,47,https://res.cloudinary.com/dmvupvnyu/image/upload/v1775495404/products/kk0bi77adcpaxowwdpjf.png,2,"2026-04-06 11:10:04","2026-04-06 11:10:04",NULL,1,1,NULL,products/kk0bi77adcpaxowwdpjf
187,47,https://res.cloudinary.com/dmvupvnyu/image/upload/v1775495404/products/oopcnavliakvrybo3fmu.avif,3,"2026-04-06 11:10:04","2026-04-06 11:10:04",NULL,1,1,NULL,products/oopcnavliakvrybo3fmu
188,47,https://res.cloudinary.com/dmvupvnyu/image/upload/v1775495405/products/zcev3dz9bzdkpvixeyjg.avif,4,"2026-04-06 11:10:04","2026-04-06 11:10:04",NULL,1,1,NULL,products/zcev3dz9bzdkpvixeyjg
189,48,https://res.cloudinary.com/dmvupvnyu/image/upload/v1775495483/products/ulfnk2dh6r1jzsdwc6nf.jpg,1,"2026-04-06 11:11:24","2026-04-06 11:11:24",NULL,1,1,NULL,products/ulfnk2dh6r1jzsdwc6nf
190,48,https://res.cloudinary.com/dmvupvnyu/image/upload/v1775495484/products/ajbsxjkqmz2d54fbbegm.jpg,2,"2026-04-06 11:11:24","2026-04-06 11:11:24",NULL,1,1,NULL,products/ajbsxjkqmz2d54fbbegm
191,48,https://res.cloudinary.com/dmvupvnyu/image/upload/v1775495485/products/ym8xx7l334fp3xf1mmjz.jpg,3,"2026-04-06 11:11:24","2026-04-06 11:11:24",NULL,1,1,NULL,products/ym8xx7l334fp3xf1mmjz
192,48,https://res.cloudinary.com/dmvupvnyu/image/upload/v1775495485/products/etagklm5clzhyijxl1fx.jpg,4,"2026-04-06 11:11:24","2026-04-06 11:11:24",NULL,1,1,NULL,products/etagklm5clzhyijxl1fx
193,49,https://res.cloudinary.com/dmvupvnyu/image/upload/v1775495611/products/bqdfjgi9fupmtcvchb60.webp,1,"2026-04-06 11:13:33","2026-04-06 11:13:33",NULL,1,1,NULL,products/bqdfjgi9fupmtcvchb60
194,49,https://res.cloudinary.com/dmvupvnyu/image/upload/v1775495612/products/kiqgmvfhlx9ucnxhevnl.webp,2,"2026-04-06 11:13:33","2026-04-06 11:13:33",NULL,1,1,NULL,products/kiqgmvfhlx9ucnxhevnl
195,49,https://res.cloudinary.com/dmvupvnyu/image/upload/v1775495613/products/ltibxrqggnykx5zvusje.webp,3,"2026-04-06 11:13:33","2026-04-06 11:13:33",NULL,1,1,NULL,products/ltibxrqggnykx5zvusje
196,49,https://res.cloudinary.com/dmvupvnyu/image/upload/v1775495613/products/bdzzkykc28zstwair8od.webp,4,"2026-04-06 11:13:33","2026-04-06 11:13:33",NULL,1,1,NULL,products/bdzzkykc28zstwair8od
197,50,https://res.cloudinary.com/dmvupvnyu/image/upload/v1775495664/products/hbkkou8zwiaw5w5eked4.webp,1,"2026-04-06 11:14:25","2026-04-06 11:14:25",NULL,1,1,NULL,products/hbkkou8zwiaw5w5eked4
198,50,https://res.cloudinary.com/dmvupvnyu/image/upload/v1775495665/products/vgludk5a8vbgxapkz0f5.webp,2,"2026-04-06 11:14:25","2026-04-06 11:14:25",NULL,1,1,NULL,products/vgludk5a8vbgxapkz0f5
199,50,https://res.cloudinary.com/dmvupvnyu/image/upload/v1775495665/products/fqe5twumhotw3fsvoyzt.webp,3,"2026-04-06 11:14:25","2026-04-06 11:14:25",NULL,1,1,NULL,products/fqe5twumhotw3fsvoyzt
200,50,https://res.cloudinary.com/dmvupvnyu/image/upload/v1775495666/products/iac15mzadbncpkhx1wlu.webp,4,"2026-04-06 11:14:25","2026-04-06 11:14:25",NULL,1,1,NULL,products/iac15mzadbncpkhx1wlu
201,51,https://res.cloudinary.com/dmvupvnyu/image/upload/v1775495762/products/dklptaxjh8cbowiigbpd.jpg,1,"2026-04-06 11:16:03","2026-04-06 11:16:03",NULL,1,1,NULL,products/dklptaxjh8cbowiigbpd
202,51,https://res.cloudinary.com/dmvupvnyu/image/upload/v1775495763/products/cwasgnndldek2buleqx4.jpg,2,"2026-04-06 11:16:03","2026-04-06 11:16:03",NULL,1,1,NULL,products/cwasgnndldek2buleqx4
203,51,https://res.cloudinary.com/dmvupvnyu/image/upload/v1775495763/products/m88jnavxuruhybdmcag0.jpg,3,"2026-04-06 11:16:03","2026-04-06 11:16:03",NULL,1,1,NULL,products/m88jnavxuruhybdmcag0
204,51,https://res.cloudinary.com/dmvupvnyu/image/upload/v1775495764/products/qbiqmugpewvisoic0elv.jpg,4,"2026-04-06 11:16:03","2026-04-06 11:16:03",NULL,1,1,NULL,products/qbiqmugpewvisoic0elv
205,52,https://res.cloudinary.com/dmvupvnyu/image/upload/v1775495829/products/ieahq1kv3iuxr6cw1uw9.webp,1,"2026-04-06 11:17:10","2026-04-06 11:17:10",NULL,1,1,NULL,products/ieahq1kv3iuxr6cw1uw9
206,52,https://res.cloudinary.com/dmvupvnyu/image/upload/v1775495829/products/phbm3zttxc4p4js81wac.webp,2,"2026-04-06 11:17:10","2026-04-06 11:17:10",NULL,1,1,NULL,products/phbm3zttxc4p4js81wac
207,52,https://res.cloudinary.com/dmvupvnyu/image/upload/v1775495830/products/umzqzaph2jho5zwb46ng.webp,3,"2026-04-06 11:17:10","2026-04-06 11:17:10",NULL,1,1,NULL,products/umzqzaph2jho5zwb46ng
208,52,https://res.cloudinary.com/dmvupvnyu/image/upload/v1775495831/products/tcvefrvm12iwoh4sjhsv.webp,4,"2026-04-06 11:17:10","2026-04-06 11:17:10",NULL,1,1,NULL,products/tcvefrvm12iwoh4sjhsv
209,53,https://res.cloudinary.com/dmvupvnyu/image/upload/v1775495913/products/ejrncbea8iouiqu4z8rd.jpg,1,"2026-04-06 11:18:36","2026-04-06 11:18:36",NULL,1,1,NULL,products/ejrncbea8iouiqu4z8rd
210,53,https://res.cloudinary.com/dmvupvnyu/image/upload/v1775495914/products/br8yrzrympfpgazieqao.jpg,2,"2026-04-06 11:18:36","2026-04-06 11:18:36",NULL,1,1,NULL,products/br8yrzrympfpgazieqao
211,53,https://res.cloudinary.com/dmvupvnyu/image/upload/v1775495916/products/dekql8bifirux0n8vmgd.jpg,3,"2026-04-06 11:18:36","2026-04-06 11:18:36",NULL,1,1,NULL,products/dekql8bifirux0n8vmgd
212,53,https://res.cloudinary.com/dmvupvnyu/image/upload/v1775495917/products/ykt7ygcslbltoq1i2g53.jpg,4,"2026-04-06 11:18:36","2026-04-06 11:18:36",NULL,1,1,NULL,products/ykt7ygcslbltoq1i2g53
213,54,https://res.cloudinary.com/dmvupvnyu/image/upload/v1775495957/products/kzfdnyjmzieuqoqbg8rp.webp,1,"2026-04-06 11:19:18","2026-04-06 11:19:18",NULL,1,1,NULL,products/kzfdnyjmzieuqoqbg8rp
214,54,https://res.cloudinary.com/dmvupvnyu/image/upload/v1775495958/products/avz38pbhdr4rdvwfiyxn.webp,2,"2026-04-06 11:19:18","2026-04-06 11:19:18",NULL,1,1,NULL,products/avz38pbhdr4rdvwfiyxn
215,54,https://res.cloudinary.com/dmvupvnyu/image/upload/v1775495959/products/u6st7ba9w9dzfvle9any.webp,3,"2026-04-06 11:19:18","2026-04-06 11:19:18",NULL,1,1,NULL,products/u6st7ba9w9dzfvle9any
216,54,https://res.cloudinary.com/dmvupvnyu/image/upload/v1775495959/products/lu2pnwajmkakifs0mpuq.webp,4,"2026-04-06 11:19:18","2026-04-06 11:19:18",NULL,1,1,NULL,products/lu2pnwajmkakifs0mpuq
